record,split,N,S,V,F,Q,total_4class,duration_min,symbols
101,DS1,1860,3,0,0,2,1863,30.1,N:1860 A:3 Q:2
106,DS1,1507,0,520,0,0,2027,30.1,N:1507 V:520
108,DS1,1740,4,17,2,0,1763,30.1,N:1739 V:17 A:4 F:2 j:1
109,DS1,2492,0,38,2,0,2532,30.1,L:2492 V:38 F:2
112,DS1,2537,2,0,0,0,2539,30.1,N:2537 A:2
114,DS1,1820,12,43,4,0,1879,30.1,N:1820 V:43 A:10 F:4 J:2
115,DS1,1953,0,0,0,0,1953,30.1,N:1953
116,DS1,2302,1,109,0,0,2412,30.1,N:2302 V:109 A:1
118,DS1,2166,96,16,0,0,2278,30.1,R:2166 A:96 V:16
119,DS1,1543,0,444,0,0,1987,30.1,N:1543 V:444
122,DS1,2476,0,0,0,0,2476,30.1,N:2476
124,DS1,1536,31,47,5,0,1619,30.1,R:1531 V:47 J:29 F:5 j:5 A:2
201,DS1,1635,128,198,2,0,1963,30.1,N:1625 V:198 a:97 A:30 j:10 F:2 J:1
203,DS1,2529,2,444,1,4,2976,30.1,N:2529 V:444 Q:4 a:2 F:1
205,DS1,2571,3,71,11,0,2656,30.1,N:2571 V:71 F:11 A:3
207,DS1,1543,107,210,0,0,1860,30.1,L:1457 A:107 V:105 E:105 R:86
208,DS1,1586,2,992,373,2,2953,30.1,N:1586 V:992 F:373 S:2 Q:2
209,DS1,2621,383,1,0,0,3005,30.1,N:2621 A:383 V:1
215,DS1,3195,3,164,1,0,3363,30.1,N:3195 V:164 A:3 F:1
220,DS1,1954,94,0,0,0,2048,30.1,N:1954 A:94
223,DS1,2045,73,473,14,0,2605,30.1,N:2029 V:473 A:72 e:16 F:14 a:1
230,DS1,2255,0,1,0,0,2256,30.1,N:2255 V:1
100,DS2,2239,33,1,0,0,2273,30.1,N:2239 A:33 V:1
103,DS2,2082,2,0,0,0,2084,30.1,N:2082 A:2
105,DS2,2526,0,41,0,5,2567,30.1,N:2526 V:41 Q:5
111,DS2,2123,0,1,0,0,2124,30.1,L:2123 V:1
113,DS2,1789,6,0,0,0,1795,30.1,N:1789 a:6
117,DS2,1534,1,0,0,0,1535,30.1,N:1534 A:1
121,DS2,1861,1,1,0,0,1863,30.1,N:1861 A:1 V:1
123,DS2,1515,0,3,0,0,1518,30.1,N:1515 V:3
200,DS2,1743,30,826,2,0,2601,30.1,N:1743 V:826 A:30 F:2
202,DS2,2061,55,19,1,0,2136,30.1,N:2061 A:36 V:19 a:19 F:1
210,DS2,2423,22,195,10,0,2650,30.1,N:2423 V:194 a:22 F:10 E:1
212,DS2,2748,0,0,0,0,2748,30.1,R:1825 N:923
213,DS2,2641,28,220,362,0,3251,30.1,N:2641 F:362 V:220 A:25 a:3
214,DS2,2003,0,256,1,2,2260,30.1,L:2003 V:256 Q:2 F:1
219,DS2,2082,7,64,1,0,2154,30.1,N:2082 V:64 A:7 F:1
221,DS2,2031,0,396,0,0,2427,30.1,N:2031 V:396
222,DS2,2274,209,0,0,0,2483,30.1,N:2062 j:212 A:208 J:1
228,DS2,1688,3,362,0,0,2053,30.1,N:1688 V:362 A:3
231,DS2,1568,1,2,0,0,1571,30.1,R:1254 N:314 V:2 A:1
232,DS2,398,1382,0,0,0,1780,30.1,A:1382 R:397 j:1
233,DS2,2230,7,831,11,0,3079,30.1,N:2230 V:831 F:11 A:7
234,DS2,2700,50,3,0,0,2753,30.1,N:2700 J:50 V:3
