record,split,subset,N,S,V,F,kept,dropped_rr,dropped_edge,audit_target
101,DS1,train,1858,3,0,0,1861,2,0,1863
106,DS1,val,1505,0,520,0,2025,2,0,2027
108,DS1,train,1738,4,17,2,1761,2,0,1763
109,DS1,train,2490,0,38,2,2530,2,0,2532
112,DS1,val,2535,2,0,0,2537,2,0,2539
114,DS1,train,1818,12,43,4,1877,2,0,1879
115,DS1,train,1951,0,0,0,1951,2,0,1953
116,DS1,train,2300,1,109,0,2410,2,0,2412
118,DS1,train,2164,96,16,0,2276,2,0,2278
119,DS1,train,1541,0,444,0,1985,2,0,1987
122,DS1,train,2474,0,0,0,2474,2,0,2476
124,DS1,val,1534,31,47,5,1617,2,0,1619
201,DS1,val,1633,128,198,2,1961,2,0,1963
203,DS1,train,2527,2,444,1,2974,2,0,2976
205,DS1,train,2569,3,71,11,2654,2,0,2656
207,DS1,train,1542,106,210,0,1858,2,0,1860
208,DS1,train,1585,2,992,372,2951,2,0,2953
209,DS1,train,2619,383,1,0,3003,2,0,3005
215,DS1,train,3193,3,164,1,3361,2,0,3363
220,DS1,train,1952,94,0,0,2046,2,0,2048
223,DS1,val,2043,73,473,14,2603,2,0,2605
230,DS1,train,2253,0,1,0,2254,2,0,2256
100,DS2,test,2237,33,1,0,2271,2,0,2273
103,DS2,test,2080,2,0,0,2082,2,0,2084
105,DS2,test,2524,0,41,0,2565,2,0,2567
111,DS2,test,2121,0,1,0,2122,2,0,2124
113,DS2,test,1787,6,0,0,1793,2,0,1795
117,DS2,test,1532,1,0,0,1533,2,0,1535
121,DS2,test,1859,1,1,0,1861,2,0,1863
123,DS2,test,1513,0,3,0,1516,2,0,1518
200,DS2,test,1742,30,825,2,2599,2,0,2601
202,DS2,test,2059,55,19,1,2134,2,0,2136
210,DS2,test,2421,22,195,10,2648,2,0,2650
212,DS2,test,2746,0,0,0,2746,2,0,2748
213,DS2,test,2639,28,220,362,3249,2,0,3251
214,DS2,test,2001,0,256,1,2258,2,0,2260
219,DS2,test,2080,7,64,1,2152,2,0,2154
221,DS2,test,2029,0,396,0,2425,2,0,2427
222,DS2,test,2272,209,0,0,2481,2,0,2483
228,DS2,test,1686,3,362,0,2051,2,0,2053
231,DS2,test,1566,1,2,0,1569,2,0,1571
232,DS2,test,397,1381,0,0,1778,2,0,1780
233,DS2,test,2229,7,830,11,3077,2,0,3079
234,DS2,test,2698,50,3,0,2751,2,0,2753
