record,split,channels,lead_used,substituted,fs
101,DS1,MLII | V1,MLII,False,360
106,DS1,MLII | V1,MLII,False,360
108,DS1,MLII | V1,MLII,False,360
109,DS1,MLII | V1,MLII,False,360
112,DS1,MLII | V1,MLII,False,360
114,DS1,V5 | MLII,MLII,False,360
115,DS1,MLII | V1,MLII,False,360
116,DS1,MLII | V1,MLII,False,360
118,DS1,MLII | V1,MLII,False,360
119,DS1,MLII | V1,MLII,False,360
122,DS1,MLII | V1,MLII,False,360
124,DS1,MLII | V4,MLII,False,360
201,DS1,MLII | V1,MLII,False,360
203,DS1,MLII | V1,MLII,False,360
205,DS1,MLII | V1,MLII,False,360
207,DS1,MLII | V1,MLII,False,360
208,DS1,MLII | V1,MLII,False,360
209,DS1,MLII | V1,MLII,False,360
215,DS1,MLII | V1,MLII,False,360
220,DS1,MLII | V1,MLII,False,360
223,DS1,MLII | V1,MLII,False,360
230,DS1,MLII | V1,MLII,False,360
100,DS2,MLII | V5,MLII,False,360
103,DS2,MLII | V2,MLII,False,360
105,DS2,MLII | V1,MLII,False,360
111,DS2,MLII | V1,MLII,False,360
113,DS2,MLII | V1,MLII,False,360
117,DS2,MLII | V2,MLII,False,360
121,DS2,MLII | V1,MLII,False,360
123,DS2,MLII | V5,MLII,False,360
200,DS2,MLII | V1,MLII,False,360
202,DS2,MLII | V1,MLII,False,360
210,DS2,MLII | V1,MLII,False,360
212,DS2,MLII | V1,MLII,False,360
213,DS2,MLII | V1,MLII,False,360
214,DS2,MLII | V1,MLII,False,360
219,DS2,MLII | V1,MLII,False,360
221,DS2,MLII | V1,MLII,False,360
222,DS2,MLII | V1,MLII,False,360
228,DS2,MLII | V1,MLII,False,360
231,DS2,MLII | V1,MLII,False,360
232,DS2,MLII | V1,MLII,False,360
233,DS2,MLII | V1,MLII,False,360
234,DS2,MLII | V1,MLII,False,360
